id;Nome;Link;Temporada;Episódio;Data;Serie_Link
1480676;Sem Salvação;http://shd13.oneplayer.site/SHD13/262848/1x1.mp4;1;1;26/04/2026;Sem Salvação
1480677;Sem Salvação;http://shd13.oneplayer.site/SHD13/262848/1x2.mp4;1;2;26/04/2026;Sem Salvação
1480678;Sem Salvação;http://shd13.oneplayer.site/SHD13/262848/1x3.mp4;1;3;26/04/2026;
1480679;Sem Salvação;http://shd13.oneplayer.site/SHD13/262848/1x4.mp4;1;4;26/04/2026;
1480680;Sem Salvação;http://shd13.oneplayer.site/SHD13/262848/1x5.mp4;1;5;26/04/2026;
1480681;Sem Salvação;http://shd13.oneplayer.site/SHD13/262848/1x6.mp4;1;6;26/04/2026;
1480682;O Amor Não Está Esgotado;http://shd13.oneplayer.site/SHD13/287011/1x1.mp4;1;1;26/04/2026;
1480683;Emergência Radioativa;http://shd13.oneplayer.site/SHD13/292474/1x1.mp4;1;1;26/04/2026;
1480684;Emergência Radioativa;http://shd13.oneplayer.site/SHD13/292474/1x2.mp4;1;2;26/04/2026;
1480685;Emergência Radioativa;http://shd13.oneplayer.site/SHD13/292474/1x3.mp4;1;3;26/04/2026;
1480686;Emergência Radioativa;http://shd13.oneplayer.site/SHD13/292474/1x4.mp4;1;4;26/04/2026;
1480687;Emergência Radioativa;http://shd13.oneplayer.site/SHD13/292474/1x5.mp4;1;5;26/04/2026;
1480688;The Boys;http://shd1.oneplayer.site/y45y456y45y54eytg345t4rfwserdfwe4rtrf34t65435redso/SHD1/76479/1x1.mp4;1;1;26/04/2026;The Boys
1480689;The Boys;http://shd1.oneplayer.site/y45y456y45y54eytg345t4rfwserdfwe4rtrf34t65435redso/SHD1/76479/1x2.mp4;1;2;26/04/2026;The Boys
1480690;The Boys;http://shd1.oneplayer.site/y45y456y45y54eytg345t4rfwserdfwe4rtrf34t65435redso/SHD1/76479/1x3.mp4;1;3;26/04/2026;
1480691;The Boys;http://shd1.oneplayer.site/y45y456y45y54eytg345t4rfwserdfwe4rtrf34t65435redso/SHD1/76479/1x4.mp4;1;4;26/04/2026;
1480692;The Boys;http://shd1.oneplayer.site/y45y456y45y54eytg345t4rfwserdfwe4rtrf34t65435redso/SHD1/76479/1x5.mp4;1;5;26/04/2026;
1480693;The Boys;http://shd1.oneplayer.site/y45y456y45y54eytg345t4rfwserdfwe4rtrf34t65435redso/SHD1/76479/1x6.mp4;1;6;26/04/2026;
1480694;The Boys;http://shd1.oneplayer.site/y45y456y45y54eytg345t4rfwserdfwe4rtrf34t65435redso/SHD1/76479/1x7.mp4;1;7;26/04/2026;
1480695;The Boys;http://shd1.oneplayer.site/y45y456y45y54eytg345t4rfwserdfwe4rtrf34t65435redso/SHD1/76479/1x8.mp4;1;8;26/04/2026;
1480696;The Boys;http://shd1.oneplayer.site/y45y456y45y54eytg345t4rfwserdfwe4rtrf34t65435redso/SHD1/76479/2x1.mp4;2;1;26/04/2026;
1480697;The Boys;http://shd1.oneplayer.site/y45y456y45y54eytg345t4rfwserdfwe4rtrf34t65435redso/SHD1/76479/2x2.mp4;2;2;26/04/2026;
1480698;The Boys;http://shd1.oneplayer.site/y45y456y45y54eytg345t4rfwserdfwe4rtrf34t65435redso/SHD1/76479/2x3.mp4;2;3;26/04/2026;
1480699;The Boys;http://shd1.oneplayer.site/y45y456y45y54eytg345t4rfwserdfwe4rtrf34t65435redso/SHD1/76479/2x4.mp4;2;4;26/04/2026;
1480700;The Boys;http://shd1.oneplayer.site/y45y456y45y54eytg345t4rfwserdfwe4rtrf34t65435redso/SHD1/76479/2x5.mp4;2;5;26/04/2026;
1480701;The Boys;http://shd1.oneplayer.site/y45y456y45y54eytg345t4rfwserdfwe4rtrf34t65435redso/SHD1/76479/2x6.mp4;2;6;26/04/2026;
1480702;The Boys;http://shd1.oneplayer.site/y45y456y45y54eytg345t4rfwserdfwe4rtrf34t65435redso/SHD1/76479/2x7.mp4;2;7;26/04/2026;
1480703;The Boys;http://shd1.oneplayer.site/y45y456y45y54eytg345t4rfwserdfwe4rtrf34t65435redso/SHD1/76479/2x8.mp4;2;8;26/04/2026;
1480704;The Boys;http://shd1.oneplayer.site/y45y456y45y54eytg345t4rfwserdfwe4rtrf34t65435redso/SHD1/76479/3x1.mp4;3;1;26/04/2026;
1480705;The Boys;http://shd1.oneplayer.site/y45y456y45y54eytg345t4rfwserdfwe4rtrf34t65435redso/SHD1/76479/3x2.mp4;3;2;26/04/2026;
1480706;The Boys;http://shd1.oneplayer.site/y45y456y45y54eytg345t4rfwserdfwe4rtrf34t65435redso/SHD1/76479/3x3.mp4;3;3;26/04/2026;
1480707;The Boys;http://shd1.oneplayer.site/y45y456y45y54eytg345t4rfwserdfwe4rtrf34t65435redso/SHD1/76479/3x4.mp4;3;4;26/04/2026;
1480708;The Boys;http://shd1.oneplayer.site/y45y456y45y54eytg345t4rfwserdfwe4rtrf34t65435redso/SHD1/76479/3x5.mp4;3;5;26/04/2026;
1480709;The Boys;http://shd1.oneplayer.site/y45y456y45y54eytg345t4rfwserdfwe4rtrf34t65435redso/SHD1/76479/3x6.mp4;3;6;26/04/2026;
1480710;The Boys;http://shd1.oneplayer.site/y45y456y45y54eytg345t4rfwserdfwe4rtrf34t65435redso/SHD1/76479/3x7.mp4;3;7;26/04/2026;
1480711;The Boys;http://shd1.oneplayer.site/y45y456y45y54eytg345t4rfwserdfwe4rtrf34t65435redso/SHD1/76479/3x8.mp4;3;8;26/04/2026;
1480712;The Boys;http://shd1.oneplayer.site/y45y456y45y54eytg345t4rfwserdfwe4rtrf34t65435redso/SHD1/76479/4x1.mp4;4;1;26/04/2026;
1480713;The Boys;http://shd1.oneplayer.site/y45y456y45y54eytg345t4rfwserdfwe4rtrf34t65435redso/SHD1/76479/4x2.mp4;4;2;26/04/2026;
1480714;The Boys;http://shd1.oneplayer.site/y45y456y45y54eytg345t4rfwserdfwe4rtrf34t65435redso/SHD1/76479/4x3.mp4;4;3;26/04/2026;
1480715;The Boys;http://shd1.oneplayer.site/y45y456y45y54eytg345t4rfwserdfwe4rtrf34t65435redso/SHD1/76479/4x4.mp4;4;4;26/04/2026;
1480716;The Boys;http://shd1.oneplayer.site/y45y456y45y54eytg345t4rfwserdfwe4rtrf34t65435redso/SHD1/76479/4x5.mp4;4;5;26/04/2026;
1480717;The Boys;http://shd1.oneplayer.site/y45y456y45y54eytg345t4rfwserdfwe4rtrf34t65435redso/SHD1/76479/4x6.mp4;4;6;26/04/2026;
1480718;The Boys;http://shd1.oneplayer.site/y45y456y45y54eytg345t4rfwserdfwe4rtrf34t65435redso/SHD1/76479/4x7.mp4;4;7;26/04/2026;
1480719;The Boys;http://shd1.oneplayer.site/y45y456y45y54eytg345t4rfwserdfwe4rtrf34t65435redso/SHD1/76479/4x8.mp4;4;8;26/04/2026;
1480720;The Boys;http://shd1.oneplayer.site/y45y456y45y54eytg345t4rfwserdfwe4rtrf34t65435redso/SHD1/76479/5x1.mp4;5;1;26/04/2026;
1480721;The Boys;http://shd1.oneplayer.site/y45y456y45y54eytg345t4rfwserdfwe4rtrf34t65435redso/SHD1/76479/5x2.mp4;5;2;26/04/2026;
1480722;The Boys;http://shd1.oneplayer.site/y45y456y45y54eytg345t4rfwserdfwe4rtrf34t65435redso/SHD1/76479/5x3.mp4;5;3;26/04/2026;
1480723;The Boys;http://shd1.oneplayer.site/y45y456y45y54eytg345t4rfwserdfwe4rtrf34t65435redso/SHD1/76479/5x4.mp4;5;4;26/04/2026;
1480724;Naquela Noite;http://shd13.oneplayer.site/SHD13/283673/1x1.mp4;1;1;26/04/2026;
1480725;Naquela Noite;http://shd13.oneplayer.site/SHD13/283673/1x2.mp4;1;2;26/04/2026;
1480726;Naquela Noite;http://shd13.oneplayer.site/SHD13/283673/1x3.mp4;1;3;26/04/2026;
1480727;Naquela Noite;http://shd13.oneplayer.site/SHD13/283673/1x4.mp4;1;4;26/04/2026;
1480728;Naquela Noite;http://shd13.oneplayer.site/SHD13/283673/1x5.mp4;1;5;26/04/2026;
1480729;Naquela Noite;http://shd13.oneplayer.site/SHD13/283673/1x6.mp4;1;6;26/04/2026;
1480752;ONE PIECE: A Série;http://shd9.oneplayer.site/y456y654uj54tyg34gfwer45r3hj465yh354rtgfwe4rfgtwku51/SHD9/111110/1x1.mp4;1;1;29/04/2026;
1480753;ONE PIECE: A Série;http://shd9.oneplayer.site/y456y654uj54tyg34gfwer45r3hj465yh354rtgfwe4rfgtwku51/SHD9/111110/1x2.mp4;1;2;29/04/2026;
1480754;ONE PIECE: A Série;http://shd9.oneplayer.site/y456y654uj54tyg34gfwer45r3hj465yh354rtgfwe4rfgtwku51/SHD9/111110/1x3.mp4;1;3;29/04/2026;
1480755;ONE PIECE: A Série;http://shd9.oneplayer.site/y456y654uj54tyg34gfwer45r3hj465yh354rtgfwe4rfgtwku51/SHD9/111110/1x4.mp4;1;4;29/04/2026;
1480756;ONE PIECE: A Série;http://shd9.oneplayer.site/y456y654uj54tyg34gfwer45r3hj465yh354rtgfwe4rfgtwku51/SHD9/111110/1x5.mp4;1;5;29/04/2026;
1480757;ONE PIECE: A Série;http://shd9.oneplayer.site/y456y654uj54tyg34gfwer45r3hj465yh354rtgfwe4rfgtwku51/SHD9/111110/1x6.mp4;1;6;29/04/2026;
1480758;ONE PIECE: A Série;http://shd9.oneplayer.site/y456y654uj54tyg34gfwer45r3hj465yh354rtgfwe4rfgtwku51/SHD9/111110/1x7.mp4;1;7;29/04/2026;
1480759;ONE PIECE: A Série;http://shd9.oneplayer.site/y456y654uj54tyg34gfwer45r3hj465yh354rtgfwe4rfgtwku51/SHD9/111110/1x8.mp4;1;8;29/04/2026;
1480760;ONE PIECE: A Série;http://shd9.oneplayer.site/y456y654uj54tyg34gfwer45r3hj465yh354rtgfwe4rfgtwku51/SHD9/111110/2x1.mp4;2;1;29/04/2026;
1480761;ONE PIECE: A Série;http://shd9.oneplayer.site/y456y654uj54tyg34gfwer45r3hj465yh354rtgfwe4rfgtwku51/SHD9/111110/2x2.mp4;2;2;29/04/2026;
1480762;ONE PIECE: A Série;http://shd9.oneplayer.site/y456y654uj54tyg34gfwer45r3hj465yh354rtgfwe4rfgtwku51/SHD9/111110/2x3.mp4;2;3;29/04/2026;
1480763;ONE PIECE: A Série;http://shd9.oneplayer.site/y456y654uj54tyg34gfwer45r3hj465yh354rtgfwe4rfgtwku51/SHD9/111110/2x4.mp4;2;4;29/04/2026;
1480764;ONE PIECE: A Série;http://shd9.oneplayer.site/y456y654uj54tyg34gfwer45r3hj465yh354rtgfwe4rfgtwku51/SHD9/111110/2x5.mp4;2;5;29/04/2026;
1480765;ONE PIECE: A Série;http://shd9.oneplayer.site/y456y654uj54tyg34gfwer45r3hj465yh354rtgfwe4rfgtwku51/SHD9/111110/2x6.mp4;2;6;29/04/2026;
1480766;ONE PIECE: A Série;http://shd9.oneplayer.site/y456y654uj54tyg34gfwer45r3hj465yh354rtgfwe4rfgtwku51/SHD9/111110/2x7.mp4;2;7;29/04/2026;
1480767;ONE PIECE: A Série;http://shd9.oneplayer.site/y456y654uj54tyg34gfwer45r3hj465yh354rtgfwe4rfgtwku51/SHD9/111110/2x8.mp4;2;8;29/04/2026;
1480768;Dr. Stone;http://shd1.oneplayer.site/y45y456y45y54eytg345t4rfwserdfwe4rtrf34t65435redso/SHD1/86031/1x1.mp4;1;1;29/04/2026;
1480769;Dr. Stone;http://shd1.oneplayer.site/y45y456y45y54eytg345t4rfwserdfwe4rtrf34t65435redso/SHD1/86031/1x2.mp4;1;2;29/04/2026;
1480770;Dr. Stone;http://shd1.oneplayer.site/y45y456y45y54eytg345t4rfwserdfwe4rtrf34t65435redso/SHD1/86031/1x3.mp4;1;3;29/04/2026;
1480771;Dr. Stone;http://shd1.oneplayer.site/y45y456y45y54eytg345t4rfwserdfwe4rtrf34t65435redso/SHD1/86031/1x4.mp4;1;4;29/04/2026;
1480772;Dr. Stone;http://shd1.oneplayer.site/y45y456y45y54eytg345t4rfwserdfwe4rtrf34t65435redso/SHD1/86031/1x5.mp4;1;5;29/04/2026;
1480773;Dr. Stone;http://shd1.oneplayer.site/y45y456y45y54eytg345t4rfwserdfwe4rtrf34t65435redso/SHD1/86031/1x6.mp4;1;6;29/04/2026;
1480774;Dr. Stone;http://shd1.oneplayer.site/y45y456y45y54eytg345t4rfwserdfwe4rtrf34t65435redso/SHD1/86031/1x7.mp4;1;7;29/04/2026;
1480775;Dr. Stone;http://shd1.oneplayer.site/y45y456y45y54eytg345t4rfwserdfwe4rtrf34t65435redso/SHD1/86031/1x8.mp4;1;8;29/04/2026;
1480776;Dr. Stone;http://shd1.oneplayer.site/y45y456y45y54eytg345t4rfwserdfwe4rtrf34t65435redso/SHD1/86031/1x9.mp4;1;9;29/04/2026;
1480777;Dr. Stone;http://shd1.oneplayer.site/y45y456y45y54eytg345t4rfwserdfwe4rtrf34t65435redso/SHD1/86031/1x10.mp4;1;10;29/04/2026;
1480778;Dr. Stone;http://shd1.oneplayer.site/y45y456y45y54eytg345t4rfwserdfwe4rtrf34t65435redso/SHD1/86031/1x11.mp4;1;11;29/04/2026;
1480779;Dr. Stone;http://shd1.oneplayer.site/y45y456y45y54eytg345t4rfwserdfwe4rtrf34t65435redso/SHD1/86031/1x12.mp4;1;12;29/04/2026;
1480780;Dr. Stone;http://shd1.oneplayer.site/y45y456y45y54eytg345t4rfwserdfwe4rtrf34t65435redso/SHD1/86031/1x13.mp4;1;13;29/04/2026;
1480781;Dr. Stone;http://shd1.oneplayer.site/y45y456y45y54eytg345t4rfwserdfwe4rtrf34t65435redso/SHD1/86031/1x14.mp4;1;14;29/04/2026;
1480782;Dr. Stone;http://shd1.oneplayer.site/y45y456y45y54eytg345t4rfwserdfwe4rtrf34t65435redso/SHD1/86031/1x15.mp4;1;15;29/04/2026;
1480783;Dr. Stone;http://shd1.oneplayer.site/y45y456y45y54eytg345t4rfwserdfwe4rtrf34t65435redso/SHD1/86031/1x16.mp4;1;16;29/04/2026;
1480784;Dr. Stone;http://shd1.oneplayer.site/y45y456y45y54eytg345t4rfwserdfwe4rtrf34t65435redso/SHD1/86031/1x17.mp4;1;17;29/04/2026;
1480785;Dr. Stone;http://shd1.oneplayer.site/y45y456y45y54eytg345t4rfwserdfwe4rtrf34t65435redso/SHD1/86031/1x18.mp4;1;18;29/04/2026;
1480786;Dr. Stone;http://shd1.oneplayer.site/y45y456y45y54eytg345t4rfwserdfwe4rtrf34t65435redso/SHD1/86031/1x19.mp4;1;19;29/04/2026;
1480787;Dr. Stone;http://shd1.oneplayer.site/y45y456y45y54eytg345t4rfwserdfwe4rtrf34t65435redso/SHD1/86031/1x20.mp4;1;20;29/04/2026;
1480788;Dr. Stone;http://shd1.oneplayer.site/y45y456y45y54eytg345t4rfwserdfwe4rtrf34t65435redso/SHD1/86031/1x21.mp4;1;21;29/04/2026;
1480789;Dr. Stone;http://shd1.oneplayer.site/y45y456y45y54eytg345t4rfwserdfwe4rtrf34t65435redso/SHD1/86031/1x3.mp4;1;3;29/04/2026;
1480790;Dr. Stone;http://shd1.oneplayer.site/y45y456y45y54eytg345t4rfwserdfwe4rtrf34t65435redso/SHD1/86031/1x23.mp4;1;23;29/04/2026;
1480791;Dr. Stone;http://shd1.oneplayer.site/y45y456y45y54eytg345t4rfwserdfwe4rtrf34t65435redso/SHD1/86031/1x24.mp4;1;24;29/04/2026;
1480792;Dr. Stone;http://shd1.oneplayer.site/y45y456y45y54eytg345t4rfwserdfwe4rtrf34t65435redso/SHD1/86031/2x1.mp4;2;1;29/04/2026;
1480793;Dr. Stone;http://shd1.oneplayer.site/y45y456y45y54eytg345t4rfwserdfwe4rtrf34t65435redso/SHD1/86031/2x2.mp4;2;2;29/04/2026;
1480794;Dr. Stone;http://shd1.oneplayer.site/y45y456y45y54eytg345t4rfwserdfwe4rtrf34t65435redso/SHD1/86031/2x3.mp4;2;3;29/04/2026;
1480795;Dr. Stone;http://shd1.oneplayer.site/y45y456y45y54eytg345t4rfwserdfwe4rtrf34t65435redso/SHD1/86031/2x4.mp4;2;4;29/04/2026;
1480796;Dr. Stone;http://shd1.oneplayer.site/y45y456y45y54eytg345t4rfwserdfwe4rtrf34t65435redso/SHD1/86031/2x5.mp4;2;5;29/04/2026;
1480797;Dr. Stone;http://shd1.oneplayer.site/y45y456y45y54eytg345t4rfwserdfwe4rtrf34t65435redso/SHD1/86031/2x6.mp4;2;6;29/04/2026;
1480798;Dr. Stone;http://shd1.oneplayer.site/y45y456y45y54eytg345t4rfwserdfwe4rtrf34t65435redso/SHD1/86031/2x7.mp4;2;7;29/04/2026;
1480799;Dr. Stone;http://shd1.oneplayer.site/y45y456y45y54eytg345t4rfwserdfwe4rtrf34t65435redso/SHD1/86031/2x8.mp4;2;8;29/04/2026;
1480800;Dr. Stone;http://shd1.oneplayer.site/y45y456y45y54eytg345t4rfwserdfwe4rtrf34t65435redso/SHD1/86031/2x9.mp4;2;9;29/04/2026;
1480801;Dr. Stone;http://shd1.oneplayer.site/y45y456y45y54eytg345t4rfwserdfwe4rtrf34t65435redso/SHD1/86031/2x10.mp4;2;10;29/04/2026;
1480802;Dr. Stone;http://shd1.oneplayer.site/y45y456y45y54eytg345t4rfwserdfwe4rtrf34t65435redso/SHD1/86031/2x11.mp4;2;11;29/04/2026;
1480803;Dr. Stone;http://shd1.oneplayer.site/y45y456y45y54eytg345t4rfwserdfwe4rtrf34t65435redso/SHD1/86031/3x1.mp4;3;1;29/04/2026;
1480804;Dr. Stone;http://shd1.oneplayer.site/y45y456y45y54eytg345t4rfwserdfwe4rtrf34t65435redso/SHD1/86031/3x2.mp4;3;2;29/04/2026;
1480805;Dr. Stone;http://shd1.oneplayer.site/y45y456y45y54eytg345t4rfwserdfwe4rtrf34t65435redso/SHD1/86031/3x3.mp4;3;3;29/04/2026;
1480806;Dr. Stone;http://shd1.oneplayer.site/y45y456y45y54eytg345t4rfwserdfwe4rtrf34t65435redso/SHD1/86031/3x4.mp4;3;4;29/04/2026;
1480807;Dr. Stone;http://shd1.oneplayer.site/y45y456y45y54eytg345t4rfwserdfwe4rtrf34t65435redso/SHD1/86031/3x5.mp4;3;5;29/04/2026;
1480808;Dr. Stone;http://shd1.oneplayer.site/y45y456y45y54eytg345t4rfwserdfwe4rtrf34t65435redso/SHD1/86031/3x6.mp4;3;6;29/04/2026;
1480809;Dr. Stone;http://shd1.oneplayer.site/y45y456y45y54eytg345t4rfwserdfwe4rtrf34t65435redso/SHD1/86031/3x7.mp4;3;7;29/04/2026;
1480810;Dr. Stone;http://shd1.oneplayer.site/y45y456y45y54eytg345t4rfwserdfwe4rtrf34t65435redso/SHD1/86031/3x8.mp4;3;8;29/04/2026;
1480811;Dr. Stone;http://shd1.oneplayer.site/y45y456y45y54eytg345t4rfwserdfwe4rtrf34t65435redso/SHD1/86031/3x9.mp4;3;9;29/04/2026;
1480812;Dr. Stone;http://shd1.oneplayer.site/y45y456y45y54eytg345t4rfwserdfwe4rtrf34t65435redso/SHD1/86031/3x10.mp4;3;10;29/04/2026;
1480813;Dr. Stone;http://shd1.oneplayer.site/y45y456y45y54eytg345t4rfwserdfwe4rtrf34t65435redso/SHD1/86031/3x11.mp4;3;11;29/04/2026;
1480814;Dr. Stone;http://shd1.oneplayer.site/y45y456y45y54eytg345t4rfwserdfwe4rtrf34t65435redso/SHD1/86031/4x1.mp4;4;1;29/04/2026;
1480815;Dr. Stone;http://shd1.oneplayer.site/y45y456y45y54eytg345t4rfwserdfwe4rtrf34t65435redso/SHD1/86031/4x2.mp4;4;2;29/04/2026;
1480816;Dr. Stone;http://shd1.oneplayer.site/y45y456y45y54eytg345t4rfwserdfwe4rtrf34t65435redso/SHD1/86031/4x3.mp4;4;3;29/04/2026;
1480817;Dr. Stone;http://shd1.oneplayer.site/y45y456y45y54eytg345t4rfwserdfwe4rtrf34t65435redso/SHD1/86031/4x5.mp4;4;5;29/04/2026;
1480818;Dr. Stone;http://shd1.oneplayer.site/y45y456y45y54eytg345t4rfwserdfwe4rtrf34t65435redso/SHD1/86031/4x4.mp4;4;4;29/04/2026;
1480819;Dr. Stone;http://shd1.oneplayer.site/y45y456y45y54eytg345t4rfwserdfwe4rtrf34t65435redso/SHD1/86031/4x6.mp4;4;6;29/04/2026;
1480820;Dr. Stone;http://shd1.oneplayer.site/y45y456y45y54eytg345t4rfwserdfwe4rtrf34t65435redso/SHD1/86031/4x7.mp4;4;7;29/04/2026;
1480821;Dr. Stone;http://shd1.oneplayer.site/y45y456y45y54eytg345t4rfwserdfwe4rtrf34t65435redso/SHD1/86031/4x8.mp4;4;8;29/04/2026;
1480822;Dr. Stone;http://shd1.oneplayer.site/y45y456y45y54eytg345t4rfwserdfwe4rtrf34t65435redso/SHD1/86031/4x9.mp4;4;9;29/04/2026;
1480823;Dr. Stone;http://shd1.oneplayer.site/y45y456y45y54eytg345t4rfwserdfwe4rtrf34t65435redso/SHD1/86031/4x11.mp4;4;11;29/04/2026;
1480824;Dr. Stone;http://shd1.oneplayer.site/y45y456y45y54eytg345t4rfwserdfwe4rtrf34t65435redso/SHD1/86031/4x10.mp4;4;10;29/04/2026;
1480825;Dr. Stone;http://shd1.oneplayer.site/y45y456y45y54eytg345t4rfwserdfwe4rtrf34t65435redso/SHD1/86031/4x12.mp4;4;12;29/04/2026;
1480826;Star Wars: Skeleton Crew;http://shd12.oneplayer.site/token/SHD12/202879/1x1.mp4;1;1;30/04/2026;
1480827;Star Wars: Skeleton Crew;http://shd12.oneplayer.site/token/SHD12/202879/1x2.mp4;1;2;30/04/2026;
1480828;Star Wars: Skeleton Crew;http://shd12.oneplayer.site/token/SHD12/202879/1x3.mp4;1;3;30/04/2026;
1480829;Star Wars: Skeleton Crew;http://shd12.oneplayer.site/token/SHD12/202879/1x4.mp4;1;4;30/04/2026;
1480830;Star Wars: Skeleton Crew;http://shd12.oneplayer.site/token/SHD12/202879/1x5.mp4;1;5;30/04/2026;
1480831;Star Wars: Skeleton Crew;http://shd12.oneplayer.site/token/SHD12/202879/1x6.mp4;1;6;30/04/2026;
1480832;Star Wars: Skeleton Crew;http://shd12.oneplayer.site/token/SHD12/202879/1x7.mp4;1;7;30/04/2026;
1480833;Star Wars: Skeleton Crew;http://shd12.oneplayer.site/token/SHD12/202879/1x8.mp4;1;8;30/04/2026;
1480834;Star Wars: Andor;http://shd0.oneplayer.site/rfg54ry435y45y45y45y45y45rt23w4r324wt34tr34t3e4wtf582/SHD0/83867/1x1.mp4;1;1;30/04/2026;
1480835;Star Wars: Andor;http://shd0.oneplayer.site/rfg54ry435y45y45y45y45y45rt23w4r324wt34tr34t3e4wtf582/SHD0/83867/1x2.mp4;1;2;30/04/2026;
1480836;Star Wars: Andor;http://shd0.oneplayer.site/rfg54ry435y45y45y45y45y45rt23w4r324wt34tr34t3e4wtf582/SHD0/83867/1x3.mp4;1;3;30/04/2026;
1480837;Star Wars: Andor;http://shd0.oneplayer.site/rfg54ry435y45y45y45y45y45rt23w4r324wt34tr34t3e4wtf582/SHD0/83867/1x4.mp4;1;4;30/04/2026;
1480838;Star Wars: Andor;http://shd0.oneplayer.site/rfg54ry435y45y45y45y45y45rt23w4r324wt34tr34t3e4wtf582/SHD0/83867/1x5.mp4;1;5;30/04/2026;
1480839;Star Wars: Andor;http://shd0.oneplayer.site/rfg54ry435y45y45y45y45y45rt23w4r324wt34tr34t3e4wtf582/SHD0/83867/1x6.mp4;1;6;30/04/2026;
1480840;Star Wars: Andor;http://shd0.oneplayer.site/rfg54ry435y45y45y45y45y45rt23w4r324wt34tr34t3e4wtf582/SHD0/83867/1x7.mp4;1;7;30/04/2026;
1480841;Star Wars: Andor;http://shd0.oneplayer.site/rfg54ry435y45y45y45y45y45rt23w4r324wt34tr34t3e4wtf582/SHD0/83867/1x8.mp4;1;8;30/04/2026;
1480842;Star Wars: Andor;http://shd0.oneplayer.site/rfg54ry435y45y45y45y45y45rt23w4r324wt34tr34t3e4wtf582/SHD0/83867/1x9.mp4;1;9;30/04/2026;
1480843;Star Wars: Andor;http://shd0.oneplayer.site/rfg54ry435y45y45y45y45y45rt23w4r324wt34tr34t3e4wtf582/SHD0/83867/1x10.mp4;1;10;30/04/2026;
1480844;Star Wars: Andor;http://shd0.oneplayer.site/rfg54ry435y45y45y45y45y45rt23w4r324wt34tr34t3e4wtf582/SHD0/83867/1x11.mp4;1;11;30/04/2026;
1480845;Star Wars: Andor;http://shd0.oneplayer.site/rfg54ry435y45y45y45y45y45rt23w4r324wt34tr34t3e4wtf582/SHD0/83867/1x12.mp4;1;12;30/04/2026;
1480846;Star Wars: Andor;http://shd0.oneplayer.site/rfg54ry435y45y45y45y45y45rt23w4r324wt34tr34t3e4wtf582/SHD0/83867/2x1.mp4;2;1;30/04/2026;
1480847;Star Wars: Andor;http://shd0.oneplayer.site/rfg54ry435y45y45y45y45y45rt23w4r324wt34tr34t3e4wtf582/SHD0/83867/2x2.mp4;2;2;30/04/2026;
1480848;Star Wars: Andor;http://shd0.oneplayer.site/rfg54ry435y45y45y45y45y45rt23w4r324wt34tr34t3e4wtf582/SHD0/83867/2x3.mp4;2;3;30/04/2026;
1480849;Star Wars: Andor;http://shd0.oneplayer.site/rfg54ry435y45y45y45y45y45rt23w4r324wt34tr34t3e4wtf582/SHD0/83867/2x4.mp4;2;4;30/04/2026;
1480850;Star Wars: Andor;http://shd0.oneplayer.site/rfg54ry435y45y45y45y45y45rt23w4r324wt34tr34t3e4wtf582/SHD0/83867/2x5.mp4;2;5;30/04/2026;
1480851;Star Wars: Andor;http://shd0.oneplayer.site/rfg54ry435y45y45y45y45y45rt23w4r324wt34tr34t3e4wtf582/SHD0/83867/2x6.mp4;2;6;30/04/2026;
1480852;Star Wars: Andor;http://shd0.oneplayer.site/rfg54ry435y45y45y45y45y45rt23w4r324wt34tr34t3e4wtf582/SHD0/83867/2x7.mp4;2;7;30/04/2026;
1480853;Star Wars: Andor;http://shd0.oneplayer.site/rfg54ry435y45y45y45y45y45rt23w4r324wt34tr34t3e4wtf582/SHD0/83867/2x8.mp4;2;8;30/04/2026;
1480854;Star Wars: Andor;http://shd0.oneplayer.site/rfg54ry435y45y45y45y45y45rt23w4r324wt34tr34t3e4wtf582/SHD0/83867/2x9.mp4;2;9;30/04/2026;
1480855;Star Wars: Andor;http://shd0.oneplayer.site/rfg54ry435y45y45y45y45y45rt23w4r324wt34tr34t3e4wtf582/SHD0/83867/2x10.mp4;2;10;30/04/2026;
1480856;Star Wars: Andor;http://shd0.oneplayer.site/rfg54ry435y45y45y45y45y45rt23w4r324wt34tr34t3e4wtf582/SHD0/83867/2x11.mp4;2;11;30/04/2026;
1480857;Star Wars: Andor;http://shd0.oneplayer.site/rfg54ry435y45y45y45y45y45rt23w4r324wt34tr34t3e4wtf582/SHD0/83867/2x12.mp4;2;12;30/04/2026;
1480858;Stranger Things;http://shd2.oneplayer.site/5yu456y45tge4rtfg4w3ertf34t43retg54y65uj65npw/SHD2/66732/5x1.mp4;5;1;01/05/2026;
1480859;Stranger Things;http://shd2.oneplayer.site/5yu456y45tge4rtfg4w3ertf34t43retg54y65uj65npw/SHD2/66732/5x2.mp4;5;2;01/05/2026;
1480860;Stranger Things;http://shd2.oneplayer.site/5yu456y45tge4rtfg4w3ertf34t43retg54y65uj65npw/SHD2/66732/5x3.mp4;5;3;01/05/2026;
1480861;Stranger Things;http://shd2.oneplayer.site/5yu456y45tge4rtfg4w3ertf34t43retg54y65uj65npw/SHD2/66732/5x4.mp4;5;4;01/05/2026;
1480862;Loki;http://shd2.oneplayer.site/5yu456y45tge4rtfg4w3ertf34t43retg54y65uj65npw/SHD2/84958/1x1.mp4;1;1;01/05/2026;
1480863;Loki;http://shd2.oneplayer.site/5yu456y45tge4rtfg4w3ertf34t43retg54y65uj65npw/SHD2/84958/1x2.mp4;1;2;01/05/2026;
1480864;Loki;http://shd2.oneplayer.site/5yu456y45tge4rtfg4w3ertf34t43retg54y65uj65npw/SHD2/84958/1x3.mp4;1;3;01/05/2026;
1480865;Loki;http://shd2.oneplayer.site/5yu456y45tge4rtfg4w3ertf34t43retg54y65uj65npw/SHD2/84958/1x4.mp4;1;4;01/05/2026;
1480866;Loki;http://shd2.oneplayer.site/5yu456y45tge4rtfg4w3ertf34t43retg54y65uj65npw/SHD2/84958/1x5.mp4;1;5;01/05/2026;
1480867;Loki;http://shd2.oneplayer.site/5yu456y45tge4rtfg4w3ertf34t43retg54y65uj65npw/SHD2/84958/1x6.mp4;1;6;01/05/2026;
1480868;Loki;http://shd2.oneplayer.site/5yu456y45tge4rtfg4w3ertf34t43retg54y65uj65npw/SHD2/84958/2x1.mp4;2;1;01/05/2026;
1480869;Loki;http://shd2.oneplayer.site/5yu456y45tge4rtfg4w3ertf34t43retg54y65uj65npw/SHD2/84958/2x2.mp4;2;2;01/05/2026;
1480870;Loki;http://shd2.oneplayer.site/5yu456y45tge4rtfg4w3ertf34t43retg54y65uj65npw/SHD2/84958/2x3.mp4;2;3;01/05/2026;
1480871;Loki;http://shd2.oneplayer.site/5yu456y45tge4rtfg4w3ertf34t43retg54y65uj65npw/SHD2/84958/2x4.mp4;2;4;01/05/2026;
1480872;Loki;http://shd2.oneplayer.site/5yu456y45tge4rtfg4w3ertf34t43retg54y65uj65npw/SHD2/84958/2x5.mp4;2;5;01/05/2026;
1480873;Loki;http://shd2.oneplayer.site/5yu456y45tge4rtfg4w3ertf34t43retg54y65uj65npw/SHD2/84958/2x6.mp4;2;6;01/05/2026;
1480874;O Senhor dos Anéis: Os Anéis de Poder;http://shd0.oneplayer.site/rfg54ry435y45y45y45y45y45rt23w4r324wt34tr34t3e4wtf582/SHD0/84773/1x1.mp4;1;1;01/05/2026;
1480875;O Senhor dos Anéis: Os Anéis de Poder;http://shd0.oneplayer.site/rfg54ry435y45y45y45y45y45rt23w4r324wt34tr34t3e4wtf582/SHD0/84773/1x2.mp4;1;2;01/05/2026;
1480876;O Senhor dos Anéis: Os Anéis de Poder;http://shd0.oneplayer.site/rfg54ry435y45y45y45y45y45rt23w4r324wt34tr34t3e4wtf582/SHD0/84773/1x3.mp4;1;3;01/05/2026;
1480877;O Senhor dos Anéis: Os Anéis de Poder;http://shd0.oneplayer.site/rfg54ry435y45y45y45y45y45rt23w4r324wt34tr34t3e4wtf582/SHD0/84773/1x4.mp4;1;4;01/05/2026;
1480878;O Senhor dos Anéis: Os Anéis de Poder;http://shd0.oneplayer.site/rfg54ry435y45y45y45y45y45rt23w4r324wt34tr34t3e4wtf582/SHD0/84773/1x5.mp4;1;5;01/05/2026;
1480879;O Senhor dos Anéis: Os Anéis de Poder;http://shd0.oneplayer.site/rfg54ry435y45y45y45y45y45rt23w4r324wt34tr34t3e4wtf582/SHD0/84773/1x6.mp4;1;6;01/05/2026;
1480880;O Senhor dos Anéis: Os Anéis de Poder;http://shd0.oneplayer.site/rfg54ry435y45y45y45y45y45rt23w4r324wt34tr34t3e4wtf582/SHD0/84773/1x7.mp4;1;7;01/05/2026;
1480881;O Senhor dos Anéis: Os Anéis de Poder;http://shd0.oneplayer.site/rfg54ry435y45y45y45y45y45rt23w4r324wt34tr34t3e4wtf582/SHD0/84773/1x8.mp4;1;8;01/05/2026;
1480882;O Senhor dos Anéis: Os Anéis de Poder;http://shd0.oneplayer.site/rfg54ry435y45y45y45y45y45rt23w4r324wt34tr34t3e4wtf582/SHD0/84773/2x1.mp4;2;1;01/05/2026;
1480883;O Senhor dos Anéis: Os Anéis de Poder;http://shd0.oneplayer.site/rfg54ry435y45y45y45y45y45rt23w4r324wt34tr34t3e4wtf582/SHD0/84773/2x2.mp4;2;2;01/05/2026;
1480884;O Senhor dos Anéis: Os Anéis de Poder;http://shd0.oneplayer.site/rfg54ry435y45y45y45y45y45rt23w4r324wt34tr34t3e4wtf582/SHD0/84773/2x3.mp4;2;3;01/05/2026;
1480885;O Senhor dos Anéis: Os Anéis de Poder;http://shd0.oneplayer.site/rfg54ry435y45y45y45y45y45rt23w4r324wt34tr34t3e4wtf582/SHD0/84773/2x4.mp4;2;4;01/05/2026;
1480886;O Senhor dos Anéis: Os Anéis de Poder;http://shd0.oneplayer.site/rfg54ry435y45y45y45y45y45rt23w4r324wt34tr34t3e4wtf582/SHD0/84773/2x5.mp4;2;5;01/05/2026;
1480887;O Senhor dos Anéis: Os Anéis de Poder;http://shd0.oneplayer.site/rfg54ry435y45y45y45y45y45rt23w4r324wt34tr34t3e4wtf582/SHD0/84773/2x6.mp4;2;6;01/05/2026;
1480888;O Senhor dos Anéis: Os Anéis de Poder;http://shd0.oneplayer.site/rfg54ry435y45y45y45y45y45rt23w4r324wt34tr34t3e4wtf582/SHD0/84773/2x7.mp4;2;7;01/05/2026;
1480889;O Senhor dos Anéis: Os Anéis de Poder;http://shd0.oneplayer.site/rfg54ry435y45y45y45y45y45rt23w4r324wt34tr34t3e4wtf582/SHD0/84773/2x8.mp4;2;8;01/05/2026;
1480890;Game of Thrones;http://shd2.oneplayer.site/5yu456y45tge4rtfg4w3ertf34t43retg54y65uj65npw/SHD2/1399/1x1.mp4;1;1;01/05/2026;
1480891;Game of Thrones;http://shd2.oneplayer.site/5yu456y45tge4rtfg4w3ertf34t43retg54y65uj65npw/SHD2/1399/1x2.mp4;1;2;01/05/2026;
1480892;Game of Thrones;http://shd2.oneplayer.site/5yu456y45tge4rtfg4w3ertf34t43retg54y65uj65npw/SHD2/1399/1x3.mp4;1;3;01/05/2026;
1480893;Game of Thrones;http://shd2.oneplayer.site/5yu456y45tge4rtfg4w3ertf34t43retg54y65uj65npw/SHD2/1399/1x4.mp4;1;4;01/05/2026;
1480894;Game of Thrones;http://shd2.oneplayer.site/5yu456y45tge4rtfg4w3ertf34t43retg54y65uj65npw/SHD2/1399/1x5.mp4;1;5;01/05/2026;
1480895;Game of Thrones;http://shd2.oneplayer.site/5yu456y45tge4rtfg4w3ertf34t43retg54y65uj65npw/SHD2/1399/1x6.mp4;1;6;01/05/2026;
1480896;Game of Thrones;http://shd2.oneplayer.site/5yu456y45tge4rtfg4w3ertf34t43retg54y65uj65npw/SHD2/1399/1x7.mp4;1;7;01/05/2026;
1480897;Game of Thrones;http://shd2.oneplayer.site/5yu456y45tge4rtfg4w3ertf34t43retg54y65uj65npw/SHD2/1399/1x8.mp4;1;8;01/05/2026;
1480898;Game of Thrones;http://shd2.oneplayer.site/5yu456y45tge4rtfg4w3ertf34t43retg54y65uj65npw/SHD2/1399/1x9.mp4;1;9;01/05/2026;
1480899;Game of Thrones;http://shd2.oneplayer.site/5yu456y45tge4rtfg4w3ertf34t43retg54y65uj65npw/SHD2/1399/1x10.mp4;1;10;01/05/2026;
1480900;Game of Thrones;http://shd2.oneplayer.site/5yu456y45tge4rtfg4w3ertf34t43retg54y65uj65npw/SHD2/1399/2x1.mp4;2;1;01/05/2026;
1480901;Game of Thrones;http://shd2.oneplayer.site/5yu456y45tge4rtfg4w3ertf34t43retg54y65uj65npw/SHD2/1399/2x2.mp4;2;2;01/05/2026;
1480902;Game of Thrones;http://shd2.oneplayer.site/5yu456y45tge4rtfg4w3ertf34t43retg54y65uj65npw/SHD2/1399/2x3.mp4;2;3;01/05/2026;
1480903;Game of Thrones;http://shd2.oneplayer.site/5yu456y45tge4rtfg4w3ertf34t43retg54y65uj65npw/SHD2/1399/2x4.mp4;2;4;01/05/2026;
1480904;Game of Thrones;http://shd2.oneplayer.site/5yu456y45tge4rtfg4w3ertf34t43retg54y65uj65npw/SHD2/1399/2x5.mp4;2;5;01/05/2026;
1480905;Game of Thrones;http://shd2.oneplayer.site/5yu456y45tge4rtfg4w3ertf34t43retg54y65uj65npw/SHD2/1399/2x6.mp4;2;6;01/05/2026;
1480906;Game of Thrones;http://shd2.oneplayer.site/5yu456y45tge4rtfg4w3ertf34t43retg54y65uj65npw/SHD2/1399/2x7.mp4;2;7;01/05/2026;
1480907;Game of Thrones;http://shd2.oneplayer.site/5yu456y45tge4rtfg4w3ertf34t43retg54y65uj65npw/SHD2/1399/2x8.mp4;2;8;01/05/2026;
1480908;Game of Thrones;http://shd2.oneplayer.site/5yu456y45tge4rtfg4w3ertf34t43retg54y65uj65npw/SHD2/1399/2x9.mp4;2;9;01/05/2026;
1480909;Game of Thrones;http://shd2.oneplayer.site/5yu456y45tge4rtfg4w3ertf34t43retg54y65uj65npw/SHD2/1399/2x10.mp4;2;10;01/05/2026;
1480910;Game of Thrones;http://shd2.oneplayer.site/5yu456y45tge4rtfg4w3ertf34t43retg54y65uj65npw/SHD2/1399/3x1.mp4;3;1;01/05/2026;
1480911;Game of Thrones;http://shd2.oneplayer.site/5yu456y45tge4rtfg4w3ertf34t43retg54y65uj65npw/SHD2/1399/3x2.mp4;3;2;01/05/2026;
1480912;Game of Thrones;http://shd2.oneplayer.site/5yu456y45tge4rtfg4w3ertf34t43retg54y65uj65npw/SHD2/1399/3x3.mp4;3;3;01/05/2026;
1480913;Game of Thrones;http://shd2.oneplayer.site/5yu456y45tge4rtfg4w3ertf34t43retg54y65uj65npw/SHD2/1399/3x4.mp4;3;4;01/05/2026;
1480914;Game of Thrones;http://shd2.oneplayer.site/5yu456y45tge4rtfg4w3ertf34t43retg54y65uj65npw/SHD2/1399/3x5.mp4;3;5;01/05/2026;
1480915;Game of Thrones;http://shd2.oneplayer.site/5yu456y45tge4rtfg4w3ertf34t43retg54y65uj65npw/SHD2/1399/3x6.mp4;3;6;01/05/2026;
1480916;Game of Thrones;http://shd2.oneplayer.site/5yu456y45tge4rtfg4w3ertf34t43retg54y65uj65npw/SHD2/1399/3x7.mp4;3;7;01/05/2026;
1480917;Game of Thrones;http://shd2.oneplayer.site/5yu456y45tge4rtfg4w3ertf34t43retg54y65uj65npw/SHD2/1399/3x8.mp4;3;8;01/05/2026;
1480918;Game of Thrones;http://shd2.oneplayer.site/5yu456y45tge4rtfg4w3ertf34t43retg54y65uj65npw/SHD2/1399/3x9.mp4;3;9;01/05/2026;
1480919;Game of Thrones;http://shd2.oneplayer.site/5yu456y45tge4rtfg4w3ertf34t43retg54y65uj65npw/SHD2/1399/3x10.mp4;3;10;01/05/2026;
1480920;Game of Thrones;http://shd2.oneplayer.site/5yu456y45tge4rtfg4w3ertf34t43retg54y65uj65npw/SHD2/1399/4x1.mp4;4;1;01/05/2026;
1480921;Game of Thrones;http://shd2.oneplayer.site/5yu456y45tge4rtfg4w3ertf34t43retg54y65uj65npw/SHD2/1399/4x2.mp4;4;2;01/05/2026;
1480922;Game of Thrones;http://shd2.oneplayer.site/5yu456y45tge4rtfg4w3ertf34t43retg54y65uj65npw/SHD2/1399/4x3.mp4;4;3;01/05/2026;
1480923;Game of Thrones;http://shd2.oneplayer.site/5yu456y45tge4rtfg4w3ertf34t43retg54y65uj65npw/SHD2/1399/4x4.mp4;4;4;01/05/2026;
1480924;Game of Thrones;http://shd2.oneplayer.site/5yu456y45tge4rtfg4w3ertf34t43retg54y65uj65npw/SHD2/1399/4x5.mp4;4;5;01/05/2026;
1480925;Game of Thrones;http://shd2.oneplayer.site/5yu456y45tge4rtfg4w3ertf34t43retg54y65uj65npw/SHD2/1399/4x6.mp4;4;6;01/05/2026;
1480926;Game of Thrones;http://shd2.oneplayer.site/5yu456y45tge4rtfg4w3ertf34t43retg54y65uj65npw/SHD2/1399/4x7.mp4;4;7;01/05/2026;
1480927;Game of Thrones;http://shd2.oneplayer.site/5yu456y45tge4rtfg4w3ertf34t43retg54y65uj65npw/SHD2/1399/4x8.mp4;4;8;01/05/2026;
1480928;Game of Thrones;http://shd2.oneplayer.site/5yu456y45tge4rtfg4w3ertf34t43retg54y65uj65npw/SHD2/1399/4x9.mp4;4;9;01/05/2026;
1480929;Game of Thrones;http://shd2.oneplayer.site/5yu456y45tge4rtfg4w3ertf34t43retg54y65uj65npw/SHD2/1399/4x10.mp4;4;10;01/05/2026;
1480930;Game of Thrones;http://shd2.oneplayer.site/5yu456y45tge4rtfg4w3ertf34t43retg54y65uj65npw/SHD2/1399/5x1.mp4;5;1;01/05/2026;
1480931;Game of Thrones;http://shd2.oneplayer.site/5yu456y45tge4rtfg4w3ertf34t43retg54y65uj65npw/SHD2/1399/5x2.mp4;5;2;01/05/2026;
1480932;Game of Thrones;http://shd2.oneplayer.site/5yu456y45tge4rtfg4w3ertf34t43retg54y65uj65npw/SHD2/1399/5x3.mp4;5;3;01/05/2026;
1480933;Game of Thrones;http://shd2.oneplayer.site/5yu456y45tge4rtfg4w3ertf34t43retg54y65uj65npw/SHD2/1399/5x4.mp4;5;4;01/05/2026;
1480934;Game of Thrones;http://shd2.oneplayer.site/5yu456y45tge4rtfg4w3ertf34t43retg54y65uj65npw/SHD2/1399/5x5.mp4;5;5;01/05/2026;
1480935;Game of Thrones;http://shd2.oneplayer.site/5yu456y45tge4rtfg4w3ertf34t43retg54y65uj65npw/SHD2/1399/5x6.mp4;5;6;01/05/2026;
1480936;Game of Thrones;http://shd2.oneplayer.site/5yu456y45tge4rtfg4w3ertf34t43retg54y65uj65npw/SHD2/1399/5x7.mp4;5;7;01/05/2026;
1480937;Game of Thrones;http://shd2.oneplayer.site/5yu456y45tge4rtfg4w3ertf34t43retg54y65uj65npw/SHD2/1399/5x8.mp4;5;8;01/05/2026;
1480938;Game of Thrones;http://shd2.oneplayer.site/5yu456y45tge4rtfg4w3ertf34t43retg54y65uj65npw/SHD2/1399/5x9.mp4;5;9;01/05/2026;
1480939;Game of Thrones;http://shd2.oneplayer.site/5yu456y45tge4rtfg4w3ertf34t43retg54y65uj65npw/SHD2/1399/5x10.mp4;5;10;01/05/2026;
1480940;Game of Thrones;http://shd2.oneplayer.site/5yu456y45tge4rtfg4w3ertf34t43retg54y65uj65npw/SHD2/1399/6x1.mp4;6;1;01/05/2026;
1480941;Game of Thrones;http://shd2.oneplayer.site/5yu456y45tge4rtfg4w3ertf34t43retg54y65uj65npw/SHD2/1399/6x2.mp4;6;2;01/05/2026;
1480942;Game of Thrones;http://shd2.oneplayer.site/5yu456y45tge4rtfg4w3ertf34t43retg54y65uj65npw/SHD2/1399/6x3.mp4;6;3;01/05/2026;
1480943;Game of Thrones;http://shd2.oneplayer.site/5yu456y45tge4rtfg4w3ertf34t43retg54y65uj65npw/SHD2/1399/6x4.mp4;6;4;01/05/2026;
1480944;Game of Thrones;http://shd2.oneplayer.site/5yu456y45tge4rtfg4w3ertf34t43retg54y65uj65npw/SHD2/1399/6x5.mp4;6;5;01/05/2026;
1480945;Game of Thrones;http://shd2.oneplayer.site/5yu456y45tge4rtfg4w3ertf34t43retg54y65uj65npw/SHD2/1399/6x6.mp4;6;6;01/05/2026;
1480946;Game of Thrones;http://shd2.oneplayer.site/5yu456y45tge4rtfg4w3ertf34t43retg54y65uj65npw/SHD2/1399/6x7.mp4;6;7;01/05/2026;
1480947;Game of Thrones;http://shd2.oneplayer.site/5yu456y45tge4rtfg4w3ertf34t43retg54y65uj65npw/SHD2/1399/6x8.mp4;6;8;01/05/2026;
1480948;Game of Thrones;http://shd2.oneplayer.site/5yu456y45tge4rtfg4w3ertf34t43retg54y65uj65npw/SHD2/1399/6x9.mp4;6;9;01/05/2026;
1480949;Game of Thrones;http://shd2.oneplayer.site/5yu456y45tge4rtfg4w3ertf34t43retg54y65uj65npw/SHD2/1399/6x10.mp4;6;10;01/05/2026;
1480950;Game of Thrones;http://shd2.oneplayer.site/5yu456y45tge4rtfg4w3ertf34t43retg54y65uj65npw/SHD2/1399/7x1.mp4;7;1;01/05/2026;
1480951;Game of Thrones;http://shd2.oneplayer.site/5yu456y45tge4rtfg4w3ertf34t43retg54y65uj65npw/SHD2/1399/7x2.mp4;7;2;01/05/2026;
1480952;Game of Thrones;http://shd2.oneplayer.site/5yu456y45tge4rtfg4w3ertf34t43retg54y65uj65npw/SHD2/1399/7x3.mp4;7;3;01/05/2026;
1480953;Game of Thrones;http://shd2.oneplayer.site/5yu456y45tge4rtfg4w3ertf34t43retg54y65uj65npw/SHD2/1399/7x4.mp4;7;4;01/05/2026;
1480954;Game of Thrones;http://shd2.oneplayer.site/5yu456y45tge4rtfg4w3ertf34t43retg54y65uj65npw/SHD2/1399/7x5.mp4;7;5;01/05/2026;
1480955;Game of Thrones;http://shd2.oneplayer.site/5yu456y45tge4rtfg4w3ertf34t43retg54y65uj65npw/SHD2/1399/7x6.mp4;7;6;01/05/2026;
1480956;Game of Thrones;http://shd2.oneplayer.site/5yu456y45tge4rtfg4w3ertf34t43retg54y65uj65npw/SHD2/1399/7x7.mp4;7;7;01/05/2026;
1480957;Game of Thrones;http://shd2.oneplayer.site/5yu456y45tge4rtfg4w3ertf34t43retg54y65uj65npw/SHD2/1399/8x1.mp4;8;1;01/05/2026;
1480958;Game of Thrones;http://shd2.oneplayer.site/5yu456y45tge4rtfg4w3ertf34t43retg54y65uj65npw/SHD2/1399/8x2.mp4;8;2;01/05/2026;
1480959;Game of Thrones;http://shd2.oneplayer.site/5yu456y45tge4rtfg4w3ertf34t43retg54y65uj65npw/SHD2/1399/8x3.mp4;8;3;01/05/2026;
1480960;Game of Thrones;http://shd2.oneplayer.site/5yu456y45tge4rtfg4w3ertf34t43retg54y65uj65npw/SHD2/1399/8x4.mp4;8;4;01/05/2026;
1480961;Game of Thrones;http://shd2.oneplayer.site/5yu456y45tge4rtfg4w3ertf34t43retg54y65uj65npw/SHD2/1399/8x5.mp4;8;5;01/05/2026;
1480962;Game of Thrones;http://shd2.oneplayer.site/5yu456y45tge4rtfg4w3ertf34t43retg54y65uj65npw/SHD2/1399/8x6.mp4;8;6;01/05/2026;
1481068;Amazing Stories;http://shd2.oneplayer.site/5yu456y45tge4rtfg4w3ertf34t43retg54y65uj65npw/SHD2/1026/1x1LEG.mp4;1;1;02/05/2026;
1481069;Amazing Stories;http://shd2.oneplayer.site/5yu456y45tge4rtfg4w3ertf34t43retg54y65uj65npw/SHD2/1026/1x2LEG.mp4;1;2;02/05/2026;
1481070;Amazing Stories;http://shd2.oneplayer.site/5yu456y45tge4rtfg4w3ertf34t43retg54y65uj65npw/SHD2/1026/1x3LEG.mp4;1;3;02/05/2026;
1481071;Amazing Stories;http://shd2.oneplayer.site/5yu456y45tge4rtfg4w3ertf34t43retg54y65uj65npw/SHD2/1026/1x4LEG.mp4;1;4;02/05/2026;
1481072;Amazing Stories;http://shd2.oneplayer.site/5yu456y45tge4rtfg4w3ertf34t43retg54y65uj65npw/SHD2/1026/1x5LEG.mp4;1;5;02/05/2026;
1481073;Amazing Stories;http://shd2.oneplayer.site/5yu456y45tge4rtfg4w3ertf34t43retg54y65uj65npw/SHD2/1026/1x6LEG.mp4;1;6;02/05/2026;
1481074;Amazing Stories;http://shd2.oneplayer.site/5yu456y45tge4rtfg4w3ertf34t43retg54y65uj65npw/SHD2/1026/1x7LEG.mp4;1;7;02/05/2026;
1481075;Amazing Stories;http://shd2.oneplayer.site/5yu456y45tge4rtfg4w3ertf34t43retg54y65uj65npw/SHD2/1026/1x8LEG.mp4;1;8;02/05/2026;
1481076;Amazing Stories;http://shd2.oneplayer.site/5yu456y45tge4rtfg4w3ertf34t43retg54y65uj65npw/SHD2/1026/1x9LEG.mp4;1;9;02/05/2026;
1481077;Amazing Stories;http://shd2.oneplayer.site/5yu456y45tge4rtfg4w3ertf34t43retg54y65uj65npw/SHD2/1026/1x10LEG.mp4;1;10;02/05/2026;
1481078;Amazing Stories;http://shd2.oneplayer.site/5yu456y45tge4rtfg4w3ertf34t43retg54y65uj65npw/SHD2/1026/1x11LEG.mp4;1;11;02/05/2026;
1481079;Amazing Stories;http://shd2.oneplayer.site/5yu456y45tge4rtfg4w3ertf34t43retg54y65uj65npw/SHD2/1026/1x12LEG.mp4;1;12;02/05/2026;
1481080;Amazing Stories;http://shd2.oneplayer.site/5yu456y45tge4rtfg4w3ertf34t43retg54y65uj65npw/SHD2/1026/1x13LEG.mp4;1;13;02/05/2026;
1481081;Amazing Stories;http://shd2.oneplayer.site/5yu456y45tge4rtfg4w3ertf34t43retg54y65uj65npw/SHD2/1026/1x14LEG.mp4;1;14;02/05/2026;
1481082;Amazing Stories;http://shd2.oneplayer.site/5yu456y45tge4rtfg4w3ertf34t43retg54y65uj65npw/SHD2/1026/1x15LEG.mp4;1;15;02/05/2026;
1481083;Amazing Stories;http://shd2.oneplayer.site/5yu456y45tge4rtfg4w3ertf34t43retg54y65uj65npw/SHD2/1026/1x16LEG.mp4;1;16;02/05/2026;
1481084;Amazing Stories;http://shd2.oneplayer.site/5yu456y45tge4rtfg4w3ertf34t43retg54y65uj65npw/SHD2/1026/1x17LEG.mp4;1;17;02/05/2026;
1481085;Amazing Stories;http://shd2.oneplayer.site/5yu456y45tge4rtfg4w3ertf34t43retg54y65uj65npw/SHD2/1026/1x18LEG.mp4;1;18;02/05/2026;
1481086;Amazing Stories;http://shd2.oneplayer.site/5yu456y45tge4rtfg4w3ertf34t43retg54y65uj65npw/SHD2/1026/1x19LEG.mp4;1;19;02/05/2026;
1481087;Amazing Stories;http://shd2.oneplayer.site/5yu456y45tge4rtfg4w3ertf34t43retg54y65uj65npw/SHD2/1026/1x20LEG.mp4;1;20;02/05/2026;
1481088;Amazing Stories;http://shd2.oneplayer.site/5yu456y45tge4rtfg4w3ertf34t43retg54y65uj65npw/SHD2/1026/1x21LEG.mp4;1;21;02/05/2026;
1481089;Amazing Stories;http://shd2.oneplayer.site/5yu456y45tge4rtfg4w3ertf34t43retg54y65uj65npw/SHD2/1026/1x22LEG.mp4;1;22;02/05/2026;
1481090;Amazing Stories;http://shd2.oneplayer.site/5yu456y45tge4rtfg4w3ertf34t43retg54y65uj65npw/SHD2/1026/1x23LEG.mp4;1;23;02/05/2026;
1481091;Amazing Stories;http://shd2.oneplayer.site/5yu456y45tge4rtfg4w3ertf34t43retg54y65uj65npw/SHD2/1026/1x24LEG.mp4;1;24;02/05/2026;
1481092;Amazing Stories;http://shd2.oneplayer.site/5yu456y45tge4rtfg4w3ertf34t43retg54y65uj65npw/SHD2/1026/2x1LEG.mp4;2;1;02/05/2026;
1481093;Amazing Stories;http://shd2.oneplayer.site/5yu456y45tge4rtfg4w3ertf34t43retg54y65uj65npw/SHD2/1026/2x2LEG.mp4;2;2;02/05/2026;
1481094;Amazing Stories;http://shd2.oneplayer.site/5yu456y45tge4rtfg4w3ertf34t43retg54y65uj65npw/SHD2/1026/2x3LEG.mp4;2;3;02/05/2026;
1481095;Amazing Stories;http://shd2.oneplayer.site/5yu456y45tge4rtfg4w3ertf34t43retg54y65uj65npw/SHD2/1026/2x4LEG.mp4;2;4;02/05/2026;
1481096;Amazing Stories;http://shd2.oneplayer.site/5yu456y45tge4rtfg4w3ertf34t43retg54y65uj65npw/SHD2/1026/2x5LEG.mp4;2;5;02/05/2026;
1481097;Amazing Stories;http://shd2.oneplayer.site/5yu456y45tge4rtfg4w3ertf34t43retg54y65uj65npw/SHD2/1026/2x6LEG.mp4;2;6;02/05/2026;
1481098;Amazing Stories;http://shd2.oneplayer.site/5yu456y45tge4rtfg4w3ertf34t43retg54y65uj65npw/SHD2/1026/2x7LEG.mp4;2;7;02/05/2026;
1481099;Amazing Stories;http://shd2.oneplayer.site/5yu456y45tge4rtfg4w3ertf34t43retg54y65uj65npw/SHD2/1026/2x8LEG.mp4;2;8;02/05/2026;
1481100;Amazing Stories;http://shd2.oneplayer.site/5yu456y45tge4rtfg4w3ertf34t43retg54y65uj65npw/SHD2/1026/2x9LEG.mp4;2;9;02/05/2026;
1481101;Amazing Stories;http://shd2.oneplayer.site/5yu456y45tge4rtfg4w3ertf34t43retg54y65uj65npw/SHD2/1026/2x10LEG.mp4;2;10;02/05/2026;
1481102;Amazing Stories;http://shd2.oneplayer.site/5yu456y45tge4rtfg4w3ertf34t43retg54y65uj65npw/SHD2/1026/2x11LEG.mp4;2;11;02/05/2026;
1481103;Amazing Stories;http://shd2.oneplayer.site/5yu456y45tge4rtfg4w3ertf34t43retg54y65uj65npw/SHD2/1026/2x12LEG.mp4;2;12;02/05/2026;
1481104;Amazing Stories;http://shd2.oneplayer.site/5yu456y45tge4rtfg4w3ertf34t43retg54y65uj65npw/SHD2/1026/2x13LEG.mp4;2;13;02/05/2026;
1481105;Amazing Stories;http://shd2.oneplayer.site/5yu456y45tge4rtfg4w3ertf34t43retg54y65uj65npw/SHD2/1026/2x14LEG.mp4;2;14;02/05/2026;
1481106;Amazing Stories;http://shd2.oneplayer.site/5yu456y45tge4rtfg4w3ertf34t43retg54y65uj65npw/SHD2/1026/2x15LEG.mp4;2;15;02/05/2026;
1481107;Amazing Stories;http://shd2.oneplayer.site/5yu456y45tge4rtfg4w3ertf34t43retg54y65uj65npw/SHD2/1026/2x16LEG.mp4;2;16;02/05/2026;
1481108;Amazing Stories;http://shd2.oneplayer.site/5yu456y45tge4rtfg4w3ertf34t43retg54y65uj65npw/SHD2/1026/2x17LEG.mp4;2;17;02/05/2026;
1481109;Amazing Stories;http://shd2.oneplayer.site/5yu456y45tge4rtfg4w3ertf34t43retg54y65uj65npw/SHD2/1026/2x18LEG.mp4;2;18;02/05/2026;
1481110;Amazing Stories;http://shd2.oneplayer.site/5yu456y45tge4rtfg4w3ertf34t43retg54y65uj65npw/SHD2/1026/2x19LEG.mp4;2;19;02/05/2026;
1481111;Amazing Stories;http://shd2.oneplayer.site/5yu456y45tge4rtfg4w3ertf34t43retg54y65uj65npw/SHD2/1026/2x20LEG.mp4;2;20;02/05/2026;
1481112;Amazing Stories;http://shd2.oneplayer.site/5yu456y45tge4rtfg4w3ertf34t43retg54y65uj65npw/SHD2/1026/2x21LEG.mp4;2;21;02/05/2026;
1481113;A Casa dos Espíritos;http://shd13.oneplayer.site/SHD13/259702/1x1.mp4;1;1;02/05/2026;
1481114;A Casa dos Espíritos;http://shd13.oneplayer.site/SHD13/259702/1x2.mp4;1;2;02/05/2026;
1481115;A Casa dos Espíritos;http://shd13.oneplayer.site/SHD13/259702/1x3.mp4;1;3;02/05/2026;
1481116;Eve;http://shd11.oneplayer.site/token/SHD11/138251/1x1.mp4;1;1;05/05/2026;
1481117;Eve;http://shd11.oneplayer.site/token/SHD11/138251/1x2.mp4;1;2;05/05/2026;
1481118;Eve;http://shd11.oneplayer.site/token/SHD11/138251/1x3.mp4;1;3;05/05/2026;
1481119;Eve;http://shd11.oneplayer.site/token/SHD11/138251/1x4.mp4;1;4;05/05/2026;
1481120;Eve;http://shd11.oneplayer.site/token/SHD11/138251/1x5.mp4;1;5;05/05/2026;
1481121;Eve;http://shd11.oneplayer.site/token/SHD11/138251/1x6.mp4;1;6;05/05/2026;
1481122;Eve;http://shd11.oneplayer.site/token/SHD11/138251/1x7.mp4;1;7;05/05/2026;
1481123;Eve;http://shd11.oneplayer.site/token/SHD11/138251/1x8.mp4;1;8;05/05/2026;
1481124;Eve;http://shd11.oneplayer.site/token/SHD11/138251/1x9.mp4;1;9;05/05/2026;
1481125;Eve;http://shd11.oneplayer.site/token/SHD11/138251/1x10.mp4;1;10;05/05/2026;
1481126;Eve;http://shd11.oneplayer.site/token/SHD11/138251/1x11.mp4;1;11;05/05/2026;
1481127;Eve;http://shd11.oneplayer.site/token/SHD11/138251/1x12.mp4;1;12;05/05/2026;
1481128;Eve;http://shd11.oneplayer.site/token/SHD11/138251/1x13.mp4;1;13;05/05/2026;
1481129;Eve;http://shd11.oneplayer.site/token/SHD11/138251/1x14.mp4;1;14;05/05/2026;
1481130;Eve;http://shd11.oneplayer.site/token/SHD11/138251/1x15.mp4;1;15;05/05/2026;
1481131;Eve;http://shd11.oneplayer.site/token/SHD11/138251/1x16LEG.mp4;1;16;05/05/2026;
1481137;Congonhas: Tragédia Anunciada;http://shd13.oneplayer.site/SHD13/287420/1x1.mp4;1;1;12/05/2026;
1481138;Congonhas: Tragédia Anunciada;http://shd13.oneplayer.site/SHD13/287420/1x2.mp4;1;2;12/05/2026;
1481139;Congonhas: Tragédia Anunciada;http://shd13.oneplayer.site/SHD13/287420/1x3.mp4;1;3;12/05/2026;
